Loan_ID,Gender,Married,Dependents,Education,Self_Employed,ApplicantIncome,CoapplicantIncome,LoanAmount,Loan_Amount_Term,Credit_History,Property_Area,Loan_Status,Job_Type,Income_Tax
LP001002,Male,No,0,Graduate,No,52000,0,,360,1,Urban,Y,Private,Yes
LP001003,Male,Yes,1,Graduate,No,30760,1508,128,360,1,Rural,N,Government,No
LP001005,Male,Yes,0,Graduate,Yes,60000,0,66,360,1,Urban,Y,Private,Yes
LP001006,Male,Yes,0,Not Graduate,No,42300,2358,120,360,1,Urban,Y,Business,Yes
LP001008,Male,No,0,Graduate,No,20000,0,141,360,1,Urban,Y,Government,No
LP001011,Male,Yes,2,Graduate,Yes,32333,4196,267,360,1,Urban,Y,Private,No
LP001013,Male,Yes,0,Not Graduate,No,55000,1516,95,360,1,Urban,Y,Business,Yes
LP001014,Male,Yes,3+,Graduate,No,41256,2504,158,360,0,Semiurban,N,Government,No
LP001018,Male,Yes,2,Graduate,No,13633,1526,168,360,1,Urban,Y,Government,No
LP001020,Male,Yes,1,Graduate,No,34000,10968,349,360,1,Semiurban,N,Government,No
LP001024,Male,Yes,2,Graduate,No,45000,700,70,360,1,Urban,Y,Private,Yes
LP001027,Male,Yes,2,Graduate,,25200,1840,109,360,1,Urban,Y,Private,No
LP001028,Male,Yes,2,Graduate,No,72000,8106,200,360,1,Urban,Y,Private,Yes
LP001029,Male,No,0,Graduate,No,84000,2840,114,360,1,Rural,N,Private,Yes
LP001030,Male,Yes,2,Graduate,No,46000,1086,17,120,1,Urban,Y,Government,No
LP001032,Male,No,0,Graduate,No,56600,0,125,360,1,Urban,Y,Private,Yes
LP001034,Male,No,1,Not Graduate,No,38200,0,100,240,,Urban,Y,Business,No
LP001036,Female,No,0,Graduate,No,33000,0,76,360,0,Urban,N,Government,No
LP001038,Male,Yes,0,Not Graduate,No,88000,0,133,360,1,Rural,N,Business,Yes
LP001041,Male,Yes,0,Graduate,,54123,3500,115,,1,Urban,Y,Government,No
LP001043,Male,Yes,0,Not Graduate,No,65000,0,104,360,0,Urban,N,Business,Yes
LP001046,Male,Yes,1,Graduate,No,32000,5625,315,360,1,Urban,Y,Private,No
LP001047,Male,Yes,0,Not Graduate,No,15000,1911,116,360,0,Semiurban,N,Business,No
LP001050,,Yes,2,Not Graduate,No,34789,1917,112,360,0,Rural,N,Business,No
LP001052,Male,Yes,1,Graduate,,54210,2925,151,360,,Semiurban,N,Government,No
LP001066,Male,Yes,0,Graduate,Yes,54988,0,191,360,1,Semiurban,Y,Government,No
LP001068,Male,Yes,0,Graduate,No,45698,2253,122,360,1,Semiurban,Y,Government,No
LP001073,Male,Yes,2,Not Graduate,No,75000,1040,110,360,1,Urban,Y,Business,Yes
LP001086,Male,No,0,Not Graduate,No,87999,0,35,360,1,Urban,N,Business,Yes
LP001087,Female,No,2,Graduate,,43000,2083,120,360,1,Semiurban,Y,Private,Yes
LP001091,Male,Yes,1,Graduate,,23008,3369,201,360,,Urban,N,Private,No
LP001095,Male,No,0,Graduate,No,45000,0,74,360,1,Urban,N,Private,Yes
LP001097,Male,No,1,Graduate,Yes,67980,0,106,360,1,Rural,N,Private,Yes
LP001098,Male,Yes,0,Graduate,No,32900,1667,114,360,1,Semiurban,Y,Government,No
LP001100,Male,No,3+,Graduate,No,42890,3000,320,360,1,Rural,N,Government,No
LP001106,Male,Yes,0,Graduate,No,31500,2067,,360,1,Urban,Y,Private,No
LP001109,Male,Yes,0,Graduate,No,48970,1330,100,,0,Urban,N,Government,No
LP001112,Female,Yes,0,Graduate,No,22670,1459,144,360,1,Semiurban,Y,Private,No
LP001114,Male,No,0,Graduate,No,32980,7210,184,360,1,Urban,Y,Private,No
LP001116,Male,No,0,Not Graduate,No,87540,1668,110,360,1,Semiurban,Y,Business,Yes
LP001119,Male,No,0,Graduate,No,56000,0,80,360,1,Urban,N,Government,No
LP001120,Male,No,0,Graduate,No,32908,1213,47,360,1,Urban,Y,Government,No
LP001123,Male,Yes,0,Graduate,No,45000,0,75,360,,Urban,Y,Private,No
LP001131,Male,Yes,0,Graduate,No,55670,2336,134,360,1,Semiurban,Y,Private,Yes
LP001136,Male,Yes,0,Not Graduate,Yes,36660,0,96,,1,Urban,Y,Business,No
LP001137,Female,No,0,Graduate,No,43000,0,88,,1,Urban,Y,Private,Yes
LP001138,Male,Yes,1,Graduate,No,41630,0,44,360,1,Urban,Y,Private,Yes
LP001144,Male,Yes,0,Graduate,No,23560,0,144,360,1,Urban,Y,Private,No
LP001146,Female,Yes,0,Graduate,No,67920,3440,120,360,0,Urban,N,Government,No
LP001151,Female,No,0,Graduate,No,80000,2275,144,360,1,Semiurban,Y,Government,No
LP001155,Female,Yes,0,Not Graduate,No,25000,1644,100,360,1,Semiurban,Y,Business,No
LP001157,Female,No,0,Graduate,No,35000,0,120,360,1,Semiurban,Y,Private,No
LP001164,Female,No,0,Graduate,No,42000,0,112,360,1,Semiurban,N,Government,No
LP001179,Male,Yes,2,Graduate,No,65300,0,134,360,1,Urban,N,Private,Yes
LP001186,Female,Yes,1,Graduate,Yes,53978,0,286,360,0,Urban,N,Government,No
LP001194,Male,Yes,2,Graduate,No,75987,1167,97,360,1,Semiurban,Y,Government,No
LP001195,Male,Yes,0,Graduate,No,32000,1591,96,360,1,Semiurban,Y,Government,No
LP001197,Male,Yes,0,Graduate,No,36130,2200,135,360,1,Rural,N,Private,No
LP001198,Male,Yes,1,Graduate,No,47895,2250,180,360,1,Urban,Y,Private,Yes
LP001199,Male,Yes,2,Not Graduate,No,47238,2859,144,360,1,Urban,Y,Business,Yes
LP001205,Male,Yes,0,Graduate,No,65498,3796,120,360,1,Urban,Y,Government,No
LP001206,Male,Yes,3+,Graduate,No,70160,0,99,360,1,Urban,Y,Private,Yes
LP001207,Male,Yes,0,Not Graduate,Yes,49680,3449,165,180,0,Rural,N,Business,Yes
LP001213,Male,Yes,1,Graduate,No,21010,0,,360,0,Rural,N,Government,No
LP001222,Female,No,0,Graduate,No,44900,0,116,360,0,Semiurban,N,Government,No
LP001225,Male,Yes,0,Graduate,No,47000,4595,258,360,1,Semiurban,N,Private,Yes
LP001228,Male,No,0,Not Graduate,No,29870,2254,126,180,0,Urban,N,Business,No
LP001233,Male,Yes,1,Graduate,No,34450,0,312,360,1,Urban,Y,Private,No
LP001238,Male,Yes,3+,Not Graduate,Yes,76660,0,125,60,1,Urban,Y,Business,Yes
LP001241,Female,No,0,Graduate,No,67806,0,136,360,0,Semiurban,N,Private,Yes
LP001243,Male,Yes,0,Graduate,No,32850,3066,172,360,1,Urban,Y,Private,No
LP001245,Male,Yes,2,Not Graduate,Yes,44630,1875,97,360,1,Semiurban,Y,Business,Yes
LP001248,Male,No,0,Graduate,No,40830,0,81,300,1,Semiurban,Y,Government,No
LP001250,Male,Yes,3+,Not Graduate,No,39000,0,95,,0,Semiurban,N,Business,No
LP001253,Male,Yes,3+,Graduate,Yes,47500,1774,187,360,1,Semiurban,Y,Government,No
LP001255,Male,No,0,Graduate,No,56780,0,113,480,1,Urban,N,Government,No
LP001256,Male,No,0,Graduate,No,31890,4750,176,360,1,Urban,N,Private,No
LP001259,Male,Yes,1,Graduate,Yes,63560,3022,110,360,1,Urban,N,Private,Yes
LP001263,Male,Yes,3+,Graduate,No,34130,4000,180,300,0,Semiurban,N,Private,No
LP001264,Male,Yes,3+,Not Graduate,Yes,79500,2166,130,360,,Semiurban,Y,Business,Yes
LP001265,Female,No,0,Graduate,No,54390,0,111,360,1,Semiurban,Y,Government,No
LP001266,Male,Yes,1,Graduate,Yes,72529,0,,360,1,Semiurban,Y,Government,No
LP001267,Female,Yes,2,Graduate,No,41390,1881,167,360,1,Urban,N,Government,No
LP001273,Male,Yes,0,Graduate,No,84449,2250,265,360,,Semiurban,N,Government,No
LP001275,Male,Yes,1,Graduate,No,44560,0,50,240,1,Urban,Y,Private,Yes
LP001279,Male,No,0,Graduate,No,46320,2531,136,360,1,Semiurban,Y,Private,Yes
LP001280,Male,Yes,2,Not Graduate,No,35710,2000,99,360,,Semiurban,Y,Business,No
LP001282,Male,Yes,0,Graduate,No,30660,2118,104,360,1,Semiurban,Y,Private,No
LP001289,Male,No,0,Graduate,No,32350,0,210,360,1,Urban,Y,Private,No
LP001310,Male,Yes,0,Graduate,No,50580,4167,175,360,1,Semiurban,Y,Government,No
LP001316,Male,Yes,0,Graduate,No,31880,2900,131,360,1,Semiurban,Y,Government,No
LP001318,Male,Yes,2,Graduate,No,67800,5654,188,180,1,Semiurban,Y,Government,No
LP001319,Male,Yes,2,Not Graduate,No,34570,1820,81,360,1,Urban,Y,Business,No
LP001322,Male,No,0,Graduate,No,47650,0,122,360,1,Semiurban,Y,Government,No
LP001325,Male,No,0,Not Graduate,No,46090,0,25,120,1,Semiurban,Y,Business,Yes
LP001326,Male,No,0,Graduate,,62600,0,,360,,Urban,N,Private,Yes
LP001327,Female,Yes,0,Graduate,No,43980,2302,137,360,1,Semiurban,Y,Private,Yes
LP001333,Male,Yes,0,Graduate,No,35000,997,50,360,1,Semiurban,Y,Private,No
LP001334,Male,Yes,0,Not Graduate,No,97190,0,115,180,1,Semiurban,Y,Business,Yes
LP001343,Male,Yes,0,Graduate,No,68035,3541,131,360,1,Semiurban,Y,Government,No
LP001345,Male,Yes,2,Not Graduate,No,44520,3263,133,180,1,Urban,Y,Business,Yes
LP001349,Male,No,0,Graduate,No,22620,3806,151,360,1,Semiurban,Y,Government,No
LP001350,Male,Yes,,Graduate,No,39010,0,,360,1,Urban,Y,Private,No
LP001356,Male,Yes,0,Graduate,No,27890,3583,,360,1,Semiurban,Y,Private,No
LP001357,Male,,,Graduate,No,22430,754,160,360,1,Urban,Y,Government,No
LP001367,Male,Yes,1,Graduate,No,34170,1030,100,360,1,Urban,Y,Private,No
LP001369,Male,Yes,2,Graduate,No,15987,1126,225,360,1,Urban,Y,Government,No
LP001370,Male,No,0,Not Graduate,,45130,0,120,360,1,Rural,N,Business,Yes
LP001379,Male,Yes,2,Graduate,No,45000,3600,216,360,0,Urban,N,Private,Yes
LP001384,Male,Yes,3+,Not Graduate,No,45230,754,94,480,1,Semiurban,Y,Business,Yes
LP001385,Male,No,0,Graduate,No,47420,0,136,360,1,Urban,Y,Government,No
LP001387,Female,Yes,0,Graduate,,40820,2333,139,360,1,Semiurban,Y,Private,Yes
LP001391,Male,Yes,0,Not Graduate,No,34170,4114,152,,0,Rural,N,Business,No
LP001392,Female,No,1,Graduate,Yes,29220,0,,360,1,Semiurban,Y,Government,No
LP001398,Male,No,0,Graduate,,49800,0,118,360,1,Semiurban,Y,Government,No
LP001401,Male,Yes,1,Graduate,No,42430,0,185,180,1,Rural,Y,Government,No
LP001404,Female,Yes,0,Graduate,No,65499,2283,154,360,1,Semiurban,Y,Private,Yes
LP001405,Male,Yes,1,Graduate,No,43000,1398,85,360,,Urban,Y,Private,Yes
LP001421,Male,Yes,0,Graduate,No,17620,2142,175,360,1,Rural,N,Private,No
LP001422,Female,No,0,Graduate,No,72400,0,259,360,1,Urban,Y,Private,Yes
LP001426,Male,Yes,,Graduate,No,31450,2667,180,360,1,Rural,Y,Government,No
LP001430,Female,No,0,Graduate,No,23300,0,44,360,1,Semiurban,Y,Private,No
LP001431,Female,No,0,Graduate,No,33500,8980,137,360,0,Semiurban,Y,Private,No
LP001432,Male,Yes,2,Graduate,No,25000,0,81,360,1,Semiurban,Y,Government,No
LP001439,Male,Yes,0,Not Graduate,No,12500,2014,194,360,1,Rural,Y,Business,No
LP001443,Female,No,0,Graduate,No,46670,0,93,360,,Rural,Y,Government,No
LP001448,,Yes,3+,Graduate,No,65500,0,370,360,1,Rural,Y,Business,Yes
LP001449,Male,No,0,Graduate,No,75000,1640,,360,1,Rural,Y,Private,Yes
LP001451,Male,Yes,1,Graduate,Yes,56487,3850,160,180,0,Urban,N,Private,Yes
LP001465,Male,Yes,0,Graduate,No,33242,2569,182,360,,Rural,N,Government,No
LP001469,Male,No,0,Graduate,Yes,33908,0,650,480,,Urban,Y,Private,No
LP001473,Male,No,0,Graduate,No,67950,1929,74,360,1,Urban,Y,Government,No
LP001478,Male,No,0,Graduate,No,56829,0,70,360,1,Semiurban,Y,Private,Yes
LP001482,Male,Yes,0,Graduate,Yes,23340,0,25,120,1,Semiurban,Y,Government,No
LP001487,Male,No,0,Graduate,No,40000,0,102,360,1,Semiurban,Y,Private,No
LP001488,Male,Yes,3+,Graduate,No,42580,7750,290,360,1,Semiurban,N,Private,Yes
LP001489,Female,Yes,0,Graduate,No,45000,0,84,360,1,Rural,N,Government,No
LP001491,Male,Yes,2,Graduate,Yes,20190,3500,88,360,1,Urban,Y,Government,No
LP001492,Male,No,0,Graduate,No,33908,0,242,360,0,Semiurban,N,Private,No
LP001493,Male,Yes,2,Not Graduate,No,41908,1430,129,360,1,Rural,N,Business,Yes
LP001497,Male,Yes,2,Graduate,No,47290,2083,185,360,1,Rural,N,Private,Yes
LP001498,Male,No,0,Graduate,No,30890,0,168,360,1,Urban,Y,Government,No
LP001504,Male,No,0,Graduate,Yes,67940,0,175,180,1,Semiurban,Y,Government,No
LP001507,Male,Yes,0,Graduate,No,32000,2034,122,360,1,Semiurban,Y,Private,No
LP001508,Male,Yes,2,Graduate,No,12300,0,187,180,1,Urban,Y,Private,No
LP001514,Female,Yes,0,Graduate,No,12941,4486,100,360,1,Semiurban,Y,Private,No
LP001516,Female,Yes,2,Graduate,No,76490,0,70,360,1,Urban,Y,Private,Yes
LP001518,Male,Yes,1,Graduate,No,32980,1425,30,360,1,Urban,Y,Government,No
LP001519,Female,No,0,Graduate,No,40356,1666,225,360,1,Rural,N,Government,No
LP001520,Male,Yes,0,Graduate,No,60156,830,125,360,1,Semiurban,Y,Government,No
LP001528,Male,No,0,Graduate,No,30731,0,118,360,0,Rural,N,Private,No
LP001529,Male,Yes,0,Graduate,Yes,22783,3750,152,360,1,Rural,Y,Private,No
LP001531,Male,No,0,Graduate,No,55000,0,244,360,1,Urban,N,Government,No
LP001532,Male,Yes,2,Not Graduate,No,24963,0,113,360,1,Rural,N,Business,Yes
LP001535,Male,No,0,Graduate,No,39855,0,50,360,1,Urban,Y,Private,No
LP001536,Male,Yes,3+,Graduate,No,15799,0,600,180,0,Semiurban,Y,Business,No
LP001541,Male,Yes,1,Graduate,No,42246,0,160,360,,Rural,Y,Government,No
LP001543,Male,Yes,1,Graduate,No,43333,0,187,360,1,Urban,Y,Private,Yes
LP001546,Male,No,0,Graduate,,58233,2083,120,360,1,Rural,Y,Government,No
LP001552,Male,Yes,0,Graduate,No,72895,5625,255,360,1,Semiurban,Y,Business,Yes
LP001560,Male,Yes,0,Not Graduate,No,42150,1041,98,360,1,Semiurban,Y,Government,No
LP001562,Male,Yes,0,Graduate,No,29664,0,275,360,1,Urban,N,Government,No
LP001565,Male,Yes,1,Graduate,No,55083,1280,121,360,0,Semiurban,N,Government,No
LP001570,Male,Yes,2,Graduate,No,12708,1447,158,360,1,Rural,Y,Private,No
LP001572,Male,Yes,0,Graduate,No,31580,0,75,180,1,Urban,Y,Private,No
LP001574,Male,Yes,0,Graduate,No,42268,3166,182,,1,Rural,Y,Business,Yes
LP001577,Female,Yes,0,Graduate,No,50141,0,112,360,1,Rural,N,Business,Yes
LP001578,Male,Yes,0,Graduate,No,63042,3333,129,360,1,Rural,Y,Government,No
LP001579,Male,No,0,Graduate,No,17560,0,63,480,0,Semiurban,N,Government,No
LP001580,Male,Yes,2,Graduate,No,38564,0,200,360,1,Semiurban,Y,Private,No
LP001581,Male,Yes,0,Not Graduate,,39858,1769,95,360,1,Rural,Y,Private,No
LP001585,,Yes,3+,Graduate,No,44083,0,700,300,1,Urban,Y,Business,Yes
LP001586,Male,Yes,3+,Not Graduate,No,55225,0,81,180,1,Rural,N,Government,No
LP001594,Male,Yes,0,Graduate,No,80017,5625,187,360,1,Semiurban,Y,Private,Yes
LP001603,Male,Yes,0,Not Graduate,Yes,74931,736,87,360,1,Semiurban,N,Business,Yes
LP001606,Male,Yes,0,Graduate,No,49812,1964,116,360,1,Rural,Y,Government,No
LP001608,Male,Yes,2,Graduate,No,25080,1619,101,360,1,Rural,Y,Business,No
LP001610,Male,Yes,3+,Graduate,No,42918,11300,495,360,0,Semiurban,N,Government,No
LP001616,Male,Yes,1,Graduate,No,58128,0,116,360,1,Semiurban,Y,Government,No
LP001630,Male,No,0,Not Graduate,No,15312,1451,102,480,0,Urban,N,Private,No
LP001633,Male,Yes,1,Graduate,No,39858,7250,180,360,0,Urban,N,Government,No
LP001634,Male,No,0,Graduate,No,48334,5063,67,360,,Rural,N,Private,Yes
LP001636,Male,Yes,0,Graduate,No,47358,0,73,180,1,Semiurban,Y,Private,Yes
LP001637,Male,Yes,1,Graduate,No,40080,0,260,360,1,Semiurban,N,Government,No
LP001639,Female,Yes,0,Graduate,No,10166,0,108,360,1,Semiurban,Y,Government,No
LP001640,Male,Yes,0,Graduate,Yes,44883,4750,120,360,1,Semiurban,Y,Business,Yes
LP001641,Male,Yes,1,Graduate,Yes,84521,0,66,300,0,Rural,N,Business,Yes
LP001643,Male,Yes,0,Graduate,No,91867,2138,58,360,,Rural,Y,Private,Yes
LP001644,,Yes,0,Graduate,Yes,93083,5296,168,360,1,Rural,Y,Business,Yes
LP001647,Male,Yes,0,Graduate,No,78874,0,188,180,1,Rural,Y,Government,No
LP001653,Male,No,0,Not Graduate,No,43833,0,48,360,1,Rural,Y,Government,No
LP001656,Male,No,0,Graduate,No,49083,0,164,360,1,Semiurban,N,Private,Yes
LP001657,Male,Yes,0,Not Graduate,No,37885,0,160,360,1,Urban,N,Business,No
LP001658,Male,No,0,Graduate,No,92654,0,76,360,1,Semiurban,Y,Business,Yes
LP001664,Male,No,0,Graduate,No,10000,0,120,360,1,Rural,Y,Government,No
LP001665,Male,Yes,1,Graduate,No,58833,2583,170,360,1,Semiurban,N,Government,No
LP001666,Male,No,0,Graduate,No,84796,3750,187,360,1,Rural,Y,Private,Yes
LP001669,Female,No,0,Not Graduate,No,20800,2365,120,,1,Urban,Y,Business,No
LP001671,Female,Yes,0,Graduate,No,25840,2816,113,360,,Semiurban,Y,Government,No
LP001673,Male,No,0,Graduate,Yes,81900,0,83,360,1,Urban,N,Government,No
LP001674,Male,Yes,1,Not Graduate,No,88706,2500,90,360,1,Semiurban,Y,Private,Yes
LP001677,Male,No,2,Graduate,No,72855,0,166,360,0,Semiurban,Y,Business,Yes
LP001682,Male,Yes,3+,Not Graduate,No,38016,0,,180,1,Urban,N,Private,No
LP001688,Male,Yes,1,Not Graduate,No,93159,1083,135,360,1,Urban,Y,Private,Yes
LP001691,Male,Yes,2,Not Graduate,No,19937,0,124,360,1,Semiurban,Y,Government,No
LP001692,Female,No,0,Not Graduate,No,26193,0,120,360,1,Semiurban,Y,Private,No
LP001693,Female,No,0,Graduate,No,48960,0,80,360,1,Urban,Y,Government,No
LP001698,Male,No,0,Not Graduate,No,63074,2531,55,360,1,Rural,Y,Private,Yes
LP001699,Male,No,0,Graduate,No,42183,0,59,360,1,Urban,Y,Private,Yes
LP001702,Male,No,0,Graduate,No,20838,0,127,360,1,Semiurban,N,Business,No
LP001708,Female,No,0,Graduate,No,23862,0,214,360,1,Semiurban,N,Government,No
LP001711,Male,Yes,3+,Graduate,No,53383,1250,128,360,0,Semiurban,N,Government,No
LP001713,Male,Yes,1,Graduate,Yes,53584,0,240,360,1,Urban,Y,Government,No
LP001715,Male,Yes,3+,Not Graduate,Yes,57808,0,130,360,1,Rural,Y,Private,Yes
LP001716,Male,Yes,0,Graduate,No,93754,3021,137,360,1,Urban,Y,Business,Yes
LP001720,Male,Yes,3+,Not Graduate,No,92914,983,100,360,1,Semiurban,Y,Business,Yes
LP001722,Male,Yes,0,Graduate,No,94747,1800,135,360,1,Rural,N,Business,Yes
LP001726,Male,Yes,0,Graduate,No,78830,1775,131,360,1,Semiurban,Y,Government,No
LP001732,Male,Yes,2,Graduate,,87830,0,72,360,0,Semiurban,N,Private,Yes
LP001734,Female,Yes,2,Graduate,No,54543,2383,127,360,,Semiurban,Y,Government,No
LP001736,Male,Yes,0,Graduate,No,45876,0,60,360,0,Urban,N,Private,Yes
LP001743,Male,Yes,2,Graduate,No,73876,1717,116,360,1,Semiurban,Y,Business,Yes
LP001744,Male,No,0,Graduate,No,85690,2791,144,360,1,Semiurban,Y,Business,Yes
LP001749,Male,Yes,0,Graduate,No,69453,1010,175,,1,Semiurban,Y,Government,No
LP001750,Male,Yes,0,Graduate,No,76543,0,128,360,1,Semiurban,Y,Private,Yes
LP001751,Male,Yes,0,Graduate,No,95030,0,170,360,1,Rural,N,Government,No
LP001754,Male,Yes,,Not Graduate,Yes,39087,0,138,360,1,Urban,N,Private,No
LP001758,Male,Yes,2,Graduate,No,97836,1695,210,360,1,Semiurban,Y,Private,Yes
LP001760,Male,,,Graduate,No,64893,0,158,480,1,Semiurban,Y,Government,No
LP001761,Male,No,0,Graduate,Yes,87456,0,200,360,1,Rural,Y,Business,Yes
LP001765,Male,Yes,1,Graduate,No,27865,2054,104,360,1,Semiurban,Y,Private,No
LP001768,Male,Yes,0,Graduate,,95839,0,42,180,1,Rural,Y,Government,No
LP001770,Male,No,0,Not Graduate,No,67830,2598,120,,1,Rural,Y,Private,Yes
LP001776,Female,No,0,Graduate,No,76758,0,280,360,1,Semiurban,Y,Private,Yes
LP001778,Male,Yes,1,Graduate,No,50980,1779,140,360,1,Semiurban,Y,Government,No
LP001784,Male,Yes,1,Graduate,No,87848,1260,170,360,1,Rural,Y,Private,Yes
LP001786,Male,Yes,0,Graduate,,78830,0,255,360,,Urban,N,Private,Yes
LP001788,Female,No,0,Graduate,Yes,89741,0,122,360,,Urban,Y,Business,Yes
LP001790,Female,No,1,Graduate,No,72830,0,112,360,1,Rural,Y,Business,Yes
LP001792,Male,Yes,1,Graduate,No,59800,0,96,360,1,Semiurban,Y,Government,No
LP001798,Male,Yes,2,Graduate,No,19870,5000,120,360,1,Rural,Y,Business,No
LP001800,Male,Yes,1,Not Graduate,No,43630,1983,140,180,1,Urban,N,Government,No
LP001806,Male,No,0,Graduate,No,74400,5701,155,60,1,Urban,Y,Government,No
LP001807,Male,Yes,2,Graduate,Yes,34987,1300,108,360,1,Rural,Y,Private,No
LP001811,Male,Yes,0,Not Graduate,No,23030,4417,123,360,1,Semiurban,Y,Business,No
LP001813,Male,No,0,Graduate,Yes,39876,4333,120,180,1,Urban,N,Private,No
LP001814,Male,Yes,2,Graduate,No,87650,0,112,360,1,Urban,Y,Private,Yes
LP001819,Male,Yes,1,Not Graduate,No,27480,0,137,180,1,Urban,Y,Private,No
LP001824,Male,Yes,1,Graduate,No,87450,1843,123,480,1,Semiurban,Y,Business,Yes
LP001825,Male,Yes,0,Graduate,No,70954,1868,90,360,1,Urban,Y,Government,No
LP001835,Male,Yes,0,Not Graduate,No,56089,3890,201,360,0,Semiurban,N,Government,No
LP001836,Female,No,2,Graduate,No,97830,0,138,360,1,Urban,N,Private,Yes
LP001841,Male,No,0,Not Graduate,Yes,78309,2167,104,360,1,Rural,Y,Private,Yes
LP001843,Male,Yes,1,Not Graduate,No,87456,7101,279,180,1,Semiurban,Y,Government,No
LP001844,Male,No,0,Graduate,Yes,54053,0,192,360,0,Urban,N,Government,No
LP001846,Female,No,3+,Graduate,No,56934,0,255,360,1,Rural,Y,Government,No
LP001849,Male,No,0,Not Graduate,No,38769,0,115,360,0,Rural,N,Private,No
LP001854,Male,Yes,3+,Graduate,No,28760,0,94,360,1,Urban,N,Private,No
LP001859,Male,Yes,0,Graduate,No,10876,2100,304,360,1,Rural,N,Government,No
LP001864,Male,Yes,3+,Not Graduate,No,83482,0,128,360,,Semiurban,N,Private,Yes
LP001865,Male,Yes,1,Graduate,No,49876,4250,330,360,,Urban,Y,Business,Yes
LP001868,Male,No,0,Graduate,No,72987,2209,134,360,1,Semiurban,Y,Private,Yes
LP001870,Female,No,1,Graduate,No,17830,0,155,36,1,Semiurban,N,Private,No
LP001871,Female,No,0,Graduate,No,56438,0,120,360,1,Rural,Y,Government,No
LP001872,Male,No,0,Graduate,Yes,38976,0,128,360,1,Semiurban,Y,Government,No
LP001875,Male,No,0,Graduate,No,34220,3447,151,360,1,Rural,Y,Private,No
LP001877,Male,Yes,2,Graduate,No,88760,1387,150,360,1,Semiurban,Y,Business,Yes
LP001882,Male,Yes,3+,Graduate,No,78880,1811,160,360,0,Urban,Y,Business,Yes
LP001883,Female,No,0,Graduate,,63389,0,135,360,1,Rural,N,Government,No
LP001884,Female,No,1,Graduate,No,98654,1560,90,360,1,Urban,Y,Government,No
LP001888,Female,No,0,Graduate,No,44530,0,30,360,1,Urban,Y,Business,Yes
LP001891,Male,Yes,0,Graduate,No,33390,0,136,360,1,Urban,Y,Government,No
LP001892,Male,No,0,Graduate,No,11789,1857,126,360,1,Rural,Y,Private,No
LP001894,Male,Yes,0,Graduate,No,89060,2223,150,360,1,Semiurban,Y,Government,No
LP001896,Male,Yes,2,Graduate,No,30098,0,90,360,1,Semiurban,Y,Private,No
LP001900,Male,Yes,1,Graduate,No,87654,1842,115,360,1,Semiurban,Y,Government,No
LP001903,Male,Yes,0,Graduate,No,44778,3274,207,360,1,Semiurban,Y,Government,No
LP001904,Male,Yes,0,Graduate,No,66554,1300,80,360,1,Urban,Y,Private,Yes
LP001907,Male,Yes,0,Graduate,No,87543,0,436,360,1,Semiurban,Y,Business,Yes
LP001908,Female,Yes,0,Not Graduate,No,66448,0,124,360,,Rural,Y,Government,No
LP001910,Male,No,1,Not Graduate,Yes,33890,2426,158,360,0,Urban,N,Private,No
LP001914,Male,Yes,0,Graduate,No,44906,800,112,360,1,Semiurban,Y,Government,No
LP001915,Male,Yes,2,Graduate,No,33066,985.7999878,78,180,1,Urban,Y,Private,No
LP001917,Female,No,0,Graduate,No,66770,1666,54,360,1,Urban,Y,Business,Yes
LP001922,Male,Yes,0,Graduate,No,78930,0,,360,1,Rural,N,Government,No
LP001924,Male,No,0,Graduate,No,77788,3053,89,360,1,Rural,Y,Government,No
LP001925,Female,No,0,Graduate,Yes,66543,1717,99,300,1,Semiurban,N,Business,Yes
LP001926,Male,Yes,0,Graduate,No,33890,2000,120,360,1,Rural,Y,Government,No
LP001931,Female,No,0,Graduate,No,77443,0,115,360,1,Semiurban,Y,Private,Yes
LP001935,Male,No,0,Graduate,No,78445,0,187,360,1,Rural,Y,Private,Yes
LP001936,Male,Yes,0,Graduate,No,41087,2416,139,360,1,Rural,Y,Government,No
LP001938,Male,Yes,2,Graduate,No,84000,0,127,360,0,Semiurban,N,Private,Yes
LP001940,Male,Yes,2,Graduate,No,67540,1560,134,360,1,Urban,Y,Business,Yes
LP001945,Female,No,,Graduate,No,56437,0,143,480,0,Urban,N,Government,No
LP001947,Male,Yes,0,Graduate,No,46789,3334,172,360,1,Semiurban,Y,Business,Yes
LP001949,Male,Yes,3+,Graduate,,76498,1250,110,360,1,Urban,Y,Government,No
LP001953,Male,Yes,1,Graduate,No,54768,0,200,360,1,Semiurban,Y,Private,Yes
LP001954,Female,Yes,1,Graduate,No,76398,0,135,360,1,Urban,Y,Business,Yes
LP001955,Female,No,0,Graduate,No,37000,2541,151,480,1,Rural,N,Business,No
LP001963,Male,Yes,1,Graduate,No,40000,2925,113,360,1,Urban,N,Private,No
LP001964,Male,Yes,0,Not Graduate,No,25000,2934,93,360,0,Urban,N,Business,No
LP001972,Male,Yes,,Not Graduate,No,30000,1750,105,360,1,Semiurban,Y,Business,No
LP001974,Female,No,0,Graduate,No,40000,0,132,360,1,Rural,Y,Government,No
LP001977,Male,Yes,1,Graduate,No,50000,1803,96,360,1,Urban,Y,Private,Yes
LP001978,Male,No,0,Graduate,No,37000,2500,140,360,1,Rural,Y,Business,No
LP001990,Male,No,0,Not Graduate,No,48000,0,,360,1,Urban,N,Business,Yes
LP001993,Female,No,0,Graduate,No,67000,1666,135,360,1,Rural,Y,Private,Yes
LP001994,Female,No,0,Graduate,No,100000,1863,104,360,0,Urban,N,Business,Yes
LP001996,Male,No,0,Graduate,No,45000,0,480,360,1,Rural,N,Business,Yes
LP001998,Male,Yes,2,Not Graduate,No,50000,0,185,360,,Rural,Y,Business,Yes
LP002002,Female,No,0,Graduate,No,18000,0,84,360,1,Semiurban,Y,Private,No
LP002004,Male,No,0,Not Graduate,No,34000,2405,111,360,1,Semiurban,Y,Business,No
LP002006,Female,No,0,Graduate,No,27000,0,56,360,1,Rural,Y,Private,No
LP002008,Male,Yes,2,Graduate,Yes,50000,0,144,84,,Rural,Y,Private,Yes
LP002024,,Yes,0,Graduate,No,19000,1843,159,360,1,Rural,N,Business,No
LP002031,Male,Yes,1,Not Graduate,No,72580,1640,111,180,1,Urban,Y,Business,Yes
LP002035,Male,Yes,2,Graduate,No,42888,0,120,360,1,Semiurban,Y,Business,Yes
LP002036,Male,Yes,0,Graduate,No,49800,2134,88,360,,Urban,Y,Government,No
LP002043,Female,No,1,Graduate,No,55000,0,112,360,,Semiurban,Y,Government,No
LP002050,Male,Yes,1,Graduate,Yes,30833,0,155,360,1,Rural,N,Government,No
LP002051,Male,Yes,0,Graduate,No,50000,2167,115,360,1,Semiurban,Y,Private,Yes
LP002053,Male,Yes,3+,Graduate,No,16470,189,124,360,1,Semiurban,Y,Government,No
LP002054,Male,Yes,2,Not Graduate,No,34000,1590,,360,1,Rural,Y,Business,No
LP002055,Female,No,0,Graduate,No,16000,2985,132,360,,Rural,Y,Government,No
LP002065,Male,Yes,3+,Graduate,No,56790,0,300,360,1,Rural,Y,Private,Yes
LP002067,Male,Yes,1,Graduate,Yes,28750,4983,376,360,0,Rural,N,Government,No
LP002068,Male,No,0,Graduate,No,72000,0,130,360,0,Rural,Y,Government,No
LP002082,Male,Yes,0,Graduate,Yes,15000,2160,184,360,1,Semiurban,Y,Business,No
LP002086,Female,Yes,0,Graduate,No,26000,2451,110,360,1,Urban,N,Private,No
LP002087,Female,No,0,Graduate,No,35000,0,67,360,1,Urban,Y,Private,No
LP002097,Male,No,1,Graduate,No,27890,1793,117,360,1,Urban,Y,Business,No
LP002098,Male,No,0,Graduate,No,96990,0,98,360,1,Semiurban,Y,Private,Yes
LP002100,Male,No,,Graduate,No,36210,0,71,360,1,Urban,Y,Private,No
LP002101,Male,Yes,0,Graduate,,56000,0,490,180,1,Urban,Y,Business,No
LP002103,,Yes,1,Graduate,Yes,12000,1833,182,180,1,Urban,Y,Private,No
LP002106,Male,Yes,,Graduate,Yes,67900,4490,70,,1,Semiurban,Y,Business,Yes
LP002110,Male,Yes,1,Graduate,,45690,688,160,360,1,Rural,Y,Government,No
LP002112,Male,Yes,2,Graduate,Yes,54789,4600,176,360,1,Rural,Y,Business,Yes
LP002113,Female,No,3+,Not Graduate,No,23000,0,,360,0,Urban,N,Business,No
LP002114,Female,No,0,Graduate,No,46789,0,71,360,1,Semiurban,Y,Business,No
LP002115,Male,Yes,3+,Not Graduate,No,67000,1587,173,360,1,Rural,N,Business,Yes
LP002116,Female,No,0,Graduate,No,45890,0,46,360,1,Rural,N,Private,No
LP002119,Male,Yes,1,Not Graduate,No,34560,1229,158,360,1,Urban,Y,Business,No
LP002126,Male,Yes,3+,Not Graduate,No,12000,0,74,360,1,Semiurban,Y,Private,No
LP002128,Male,Yes,2,Graduate,,81230,2330,125,360,1,Rural,Y,Government,No
LP002129,Male,Yes,0,Graduate,No,12000,2458,160,360,1,Semiurban,Y,Private,No
LP002130,Male,Yes,,Not Graduate,No,9000,3230,152,360,0,Rural,N,Business,No
LP002131,Male,Yes,2,Not Graduate,No,89789,2168,126,360,1,Urban,Y,Business,Yes
LP002137,Male,Yes,0,Graduate,No,78900,4583,259,360,,Semiurban,Y,Private,Yes
LP002138,Male,Yes,0,Graduate,No,26000,6250,187,360,1,Rural,Y,Government,No
LP002139,Male,Yes,0,Graduate,No,12000,0,228,360,1,Semiurban,Y,Private,No
LP002140,Male,No,0,Graduate,No,22980,4167,308,360,1,Rural,N,Government,No
LP002141,Male,Yes,3+,Graduate,No,60000,2083,95,360,1,Rural,Y,Government,No
LP002142,Female,Yes,0,Graduate,Yes,17890,0,105,360,0,Rural,N,Private,No
LP002143,Female,Yes,0,Graduate,No,32345,505,130,360,1,Semiurban,Y,Private,No
LP002144,Female,No,,Graduate,No,75000,0,116,180,1,Urban,Y,Private,Yes
LP002149,Male,Yes,2,Graduate,No,45000,3167,165,360,1,Rural,Y,Business,Yes
LP002151,Male,Yes,1,Graduate,No,34000,0,67,360,1,Urban,N,Business,No
LP002158,Male,Yes,0,Not Graduate,No,24000,1666,100,480,0,Urban,N,Business,No
LP002160,Male,Yes,3+,Graduate,No,55000,3167,200,360,1,Semiurban,Y,Private,Yes
LP002161,Female,No,1,Graduate,No,45000,0,81,360,1,Semiurban,N,Private,Yes
LP002170,Male,Yes,2,Graduate,No,34980,3667,236,360,1,Semiurban,Y,Private,No
LP002175,Male,Yes,0,Graduate,No,70456,2333,130,360,1,Urban,Y,Private,Yes
LP002178,Male,Yes,0,Graduate,No,45000,3033,95,300,,Urban,Y,Business,Yes
LP002180,Male,No,0,Graduate,Yes,32389,0,141,360,1,Rural,Y,Government,No
LP002181,Male,No,0,Not Graduate,No,12000,0,133,360,1,Rural,N,Business,No
LP002187,Male,No,0,Graduate,No,10200,0,96,480,1,Semiurban,N,Business,No
LP002188,Male,No,0,Graduate,No,25000,0,124,,0,Rural,N,Government,No
LP002190,Male,Yes,1,Graduate,No,18500,0,175,360,1,Semiurban,Y,Private,No
LP002191,Male,Yes,0,Graduate,No,23000,5266,570,360,1,Rural,N,Private,No
LP002194,Female,No,0,Graduate,Yes,38000,0,55,360,1,Semiurban,Y,Government,No
LP002197,Male,Yes,2,Graduate,No,22000,0,155,360,1,Semiurban,Y,Government,No
LP002201,Male,Yes,2,Graduate,Yes,33000,7873,380,300,1,Rural,Y,Business,No
LP002205,Male,No,1,Graduate,No,45000,1987,111,180,0,Urban,N,Private,Yes
LP002209,Female,No,0,Graduate,,60000,1459,110,360,1,Urban,Y,Private,Yes
LP002211,Male,Yes,0,Graduate,No,12000,923,120,180,1,Urban,Y,Private,No
LP002219,Male,Yes,3+,Graduate,No,12000,4996,130,360,1,Rural,Y,Private,No
LP002223,Male,Yes,0,Graduate,No,19000,0,130,360,,Semiurban,Y,Business,No
LP002224,Male,No,0,Graduate,No,70000,0,71,480,1,Urban,N,Private,Yes
LP002225,Male,Yes,2,Graduate,No,14500,0,130,360,1,Urban,Y,Private,No
LP002226,Male,Yes,0,Graduate,,30000,2500,128,360,1,Semiurban,Y,Business,No
LP002229,Male,No,0,Graduate,No,12200,4232,296,360,1,Semiurban,Y,Private,No
LP002231,Female,No,0,Graduate,No,66000,0,156,360,1,Urban,Y,Private,Yes
LP002234,Male,No,0,Graduate,Yes,16000,0,128,360,1,Urban,Y,Private,No
LP002236,Male,Yes,2,Graduate,No,34000,0,100,360,1,Urban,N,Private,No
LP002237,Male,No,1,Graduate,,15000,0,113,180,1,Urban,Y,Business,No
LP002239,Male,No,0,Not Graduate,No,19500,1600,132,360,1,Semiurban,Y,Business,No
LP002243,Male,Yes,0,Not Graduate,No,75000,3136,,360,0,Urban,N,Business,Yes
LP002244,Male,Yes,0,Graduate,No,35000,2417,136,360,1,Urban,Y,Private,No
LP002250,Male,Yes,0,Graduate,No,24000,0,125,360,1,Rural,Y,Government,No
LP002255,Male,No,3+,Graduate,No,15000,0,185,360,1,Rural,Y,Private,No
LP002262,Male,Yes,3+,Graduate,No,13400,0,275,360,1,Rural,Y,Private,No
LP002263,Male,Yes,0,Graduate,No,55000,2115,120,360,,Urban,Y,Private,Yes
LP002265,Male,Yes,2,Not Graduate,No,40000,1625,113,180,1,Semiurban,Y,Business,Yes
LP002266,Male,Yes,2,Graduate,No,25000,1400,113,360,1,Urban,Y,Private,No
LP002272,Male,Yes,2,Graduate,No,17890,484,135,360,,Semiurban,Y,Private,No
LP002277,Female,No,0,Graduate,No,67000,0,71,360,0,Urban,N,Private,Yes
LP002281,Male,Yes,0,Graduate,No,85000,1459,95,360,1,Urban,Y,Private,Yes
LP002284,Male,No,0,Not Graduate,No,80000,1666,109,360,1,Rural,Y,Business,Yes
LP002287,Female,No,0,Graduate,No,15000,1800,103,360,0,Semiurban,N,Private,Yes
LP002288,Male,Yes,2,Not Graduate,No,85000,0,45,180,0,Urban,N,Business,Yes
LP002296,Male,No,0,Not Graduate,No,15000,0,65,300,1,Rural,N,Business,No
LP002297,Male,No,0,Graduate,No,19000,20000,103,360,1,Semiurban,Y,Private,No
LP002300,Female,No,0,Not Graduate,No,30000,0,53,360,1,Semiurban,Y,Business,No
LP002301,Female,No,0,Graduate,Yes,25000,0,194,360,1,Rural,N,Government,No
LP002305,Female,No,0,Graduate,No,18678,0,115,360,1,Semiurban,Y,Private,No
LP002308,Male,Yes,0,Not Graduate,No,50000,2400,115,360,1,Urban,Y,Business,Yes
LP002314,Female,No,0,Not Graduate,No,23000,0,66,360,1,Rural,Y,Business,No
LP002315,Male,Yes,1,Graduate,No,17850,0,152,300,0,Semiurban,N,Private,No
LP002317,Male,Yes,3+,Graduate,No,35000,0,360,360,0,Rural,N,Government,No
LP002318,Female,No,1,Not Graduate,Yes,35000,0,62,360,1,Semiurban,N,Business,No
LP002319,Male,Yes,0,Graduate,,45000,0,160,360,,Urban,Y,Private,Yes
LP002328,Male,Yes,0,Not Graduate,No,12000,0,218,360,0,Rural,N,Business,No
LP002332,Male,Yes,0,Not Graduate,No,23000,2033,110,360,1,Rural,Y,Business,No
LP002335,Female,Yes,0,Not Graduate,No,15000,3237,178,360,0,Semiurban,N,Business,No
LP002337,Female,No,0,Graduate,No,13000,0,60,360,1,Urban,Y,Private,No
LP002341,Female,No,1,Graduate,No,18000,0,160,360,1,Urban,N,Private,No
LP002342,Male,Yes,2,Graduate,Yes,25000,20000,239,360,1,Urban,N,Private,No
LP002345,Male,Yes,0,Graduate,No,18000,2773,112,360,1,Rural,Y,Business,No
LP002347,Male,Yes,0,Graduate,No,19000,1417,138,360,1,Semiurban,Y,Private,No
LP002348,Male,Yes,0,Graduate,No,13000,0,138,360,1,Rural,Y,Government,No
LP002357,Female,No,0,Not Graduate,No,25000,0,80,,0,Urban,N,Business,No
LP002361,Male,Yes,0,Graduate,No,12340,1719,100,360,1,Urban,Y,Private,No
LP002362,Male,Yes,1,Graduate,No,11900,1667,110,,0,Urban,N,Private,No
LP002364,Male,Yes,0,Graduate,No,12000,0,96,360,1,Semiurban,Y,Private,No
LP002366,Male,Yes,0,Graduate,No,25000,4300,121,360,1,Rural,Y,Private,No
LP002367,Female,No,1,Not Graduate,No,13000,0,81,360,1,Rural,N,Business,No
LP002368,Male,Yes,2,Graduate,No,20000,0,133,360,1,Semiurban,Y,Private,No
LP002369,Male,Yes,0,Graduate,No,24800,16.12000084,87,360,1,Rural,Y,Government,No
LP002370,Male,No,0,Not Graduate,No,55000,0,60,180,1,Urban,Y,Business,Yes
LP002377,Female,No,1,Graduate,Yes,32000,0,150,360,1,Semiurban,Y,Business,No
LP002379,Male,No,0,Graduate,No,19000,0,105,360,0,Rural,N,Government,No
LP002386,Male,No,0,Graduate,,25000,0,405,360,1,Semiurban,Y,Private,No
LP002387,Male,Yes,0,Graduate,No,17000,2340,143,360,1,Semiurban,Y,Private,Yes
LP002390,Male,No,0,Graduate,No,35000,0,100,360,1,Urban,Y,Private,No
LP002393,Female,,,Graduate,No,10047,0,,240,1,Semiurban,Y,Business,Yes
LP002398,Male,No,0,Graduate,No,29000,1851,50,360,1,Semiurban,Y,Private,No
LP002401,Male,Yes,0,Graduate,No,40000,1125,,360,1,Urban,Y,Private,No
LP002403,Male,No,0,Graduate,Yes,13000,0,187,360,0,Urban,N,Private,No
LP002407,Female,Yes,0,Not Graduate,Yes,21000,0,138,360,1,Rural,Y,Business,No
LP002408,Male,No,0,Graduate,No,21000,5064,187,360,1,Semiurban,Y,Private,Yes
LP002409,Male,Yes,0,Graduate,No,13000,1833,180,360,1,Rural,Y,Private,No
LP002418,Male,No,3+,Not Graduate,No,23000,1993,148,360,1,Semiurban,Y,Business,No
LP002422,Male,No,1,Graduate,No,37719,0,152,360,1,Semiurban,Y,Private,No
LP002424,Male,Yes,0,Graduate,No,21000,8333,175,300,,Rural,Y,Private,No
LP002429,Male,Yes,1,Graduate,Yes,12000,1210,130,360,1,Rural,Y,Private,No
LP002434,Male,Yes,2,Not Graduate,No,15000,0,110,360,1,Rural,Y,Business,No
LP002435,Male,Yes,0,Graduate,,23000,1376,55,360,1,Rural,N,Private,No
LP002443,Male,Yes,2,Graduate,No,23450,1710,150,360,0,Rural,N,Government,No
LP002444,Male,No,1,Not Graduate,Yes,27690,1542,190,360,,Semiurban,N,Business,Yes
LP002446,Male,Yes,2,Not Graduate,No,23090,1255,125,360,0,Rural,N,Business,Yes
LP002447,Male,Yes,2,Not Graduate,No,1958,1456,60,300,,Urban,Y,Business,Yes
LP002448,Male,Yes,0,Graduate,No,3948,1733,149,360,0,Rural,N,Government,No
LP002449,Male,Yes,0,Graduate,No,2483,2466,90,180,0,Rural,Y,Government,No
LP002453,Male,No,0,Graduate,Yes,7085,0,84,360,1,Semiurban,Y,Private,Yes
LP002455,Male,Yes,2,Graduate,No,3859,0,96,360,1,Semiurban,Y,Government,No
LP002459,Male,Yes,0,Graduate,No,4301,0,118,360,1,Urban,Y,Private ,No
LP002467,Male,Yes,0,Graduate,No,3708,2569,173,360,1,Urban,N,Government,No
LP002472,Male,No,2,Graduate,No,4354,0,136,360,1,Rural,Y,Government,No
LP002473,Male,Yes,0,Graduate,No,8334,0,160,360,1,Semiurban,N,Private,Yes
LP002478,,Yes,0,Graduate,Yes,2083,4083,160,360,,Semiurban,Y,Private,Yes
LP002484,Male,Yes,3+,Graduate,No,7740,0,128,180,1,Urban,Y,Private,No
LP002487,Male,Yes,0,Graduate,No,3015,2188,153,360,1,Rural,Y,Business,Yes
LP002489,Female,No,1,Not Graduate,,5191,0,132,360,1,Semiurban,Y,Private,Yes
LP002493,Male,No,0,Graduate,No,4166,0,98,360,0,Semiurban,N,Private,Yes
LP002494,Male,No,0,Graduate,No,6000,0,140,360,1,Rural,Y,Private,Yes
LP002500,Male,Yes,3+,Not Graduate,No,2947,1664,70,180,0,Urban,N,Business,Yes
LP002501,,Yes,0,Graduate,No,16692,0,110,360,1,Semiurban,Y,Government,Yes
LP002502,Female,Yes,2,Not Graduate,,210,2917,98,360,1,Semiurban,Y,Private,No
LP002505,Male,Yes,0,Graduate,No,4333,2451,110,360,1,Urban,N,Private,Yes
LP002515,Male,Yes,1,Graduate,Yes,3450,2079,162,360,1,Semiurban,Y,Government,No
LP002517,Male,Yes,1,Not Graduate,No,2653,1500,113,180,0,Rural,N,Government,No
LP002519,Male,Yes,3+,Graduate,No,4691,0,100,360,1,Semiurban,Y,Private,Yes
LP002522,Female,No,0,Graduate,Yes,2500,0,93,360,,Urban,Y,Private,Yes
LP002524,Male,No,2,Graduate,No,5532,4648,162,360,1,Rural,Y,Private,Yes
LP002527,Male,Yes,2,Graduate,Yes,16525,1014,150,360,1,Rural,Y,Private,Yes
LP002529,Male,Yes,2,Graduate,No,6700,1750,230,300,1,Semiurban,Y,Private,Yes
LP002530,,Yes,2,Graduate,No,2873,1872,132,360,0,Semiurban,N,Private,Yes
LP002531,Male,Yes,1,Graduate,Yes,16667,2250,86,360,1,Semiurban,Y,Private,Yes
LP002533,Male,Yes,2,Graduate,No,2947,1603,,360,1,Urban,N,Private,Yes
LP002534,Female,No,0,Not Graduate,No,4350,0,154,360,1,Rural,Y,Business,Yes
LP002536,Male,Yes,3+,Not Graduate,No,3095,0,113,360,1,Rural,Y,Business,Yes
LP002537,Male,Yes,0,Graduate,No,2083,3150,128,360,1,Semiurban,Y,Private,Yes
LP002541,Male,Yes,0,Graduate,No,10833,0,234,360,1,Semiurban,Y,Private ,Yes
LP002543,Male,Yes,2,Graduate,No,8333,0,246,360,1,Semiurban,Y,Private ,Yes
LP002544,Male,Yes,1,Not Graduate,No,1958,2436,131,360,1,Rural,Y,Private ,No
LP002545,Male,No,2,Graduate,No,3547,0,80,360,0,Rural,N,Private,Yes
LP002547,Male,Yes,1,Graduate,No,18333,0,500,360,1,Urban,N,Government,No
LP002555,Male,Yes,2,Graduate,Yes,4583,2083,160,360,1,Semiurban,Y,Government,Yes
LP002556,Male,No,0,Graduate,No,2435,0,75,360,1,Urban,N,Private,Yes
LP002560,Male,No,0,Not Graduate,No,2699,2785,96,360,,Semiurban,Y,Business,Yes
LP002562,Male,Yes,1,Not Graduate,No,5333,1131,186,360,,Urban,Y,Business,Yes
LP002571,Male,No,0,Not Graduate,No,3691,0,110,360,1,Rural,Y,Business,Yes
LP002582,Female,No,0,Not Graduate,Yes,17263,0,225,360,1,Semiurban,Y,Business,Yes
LP002585,Male,Yes,0,Graduate,No,3597,2157,119,360,0,Rural,N,Government,No
LP002586,Female,Yes,1,Graduate,No,3326,913,105,84,1,Semiurban,Y,Government,No
LP002587,Male,Yes,0,Not Graduate,No,2600,1700,107,360,1,Rural,Y,Private,Yes
LP002588,Male,Yes,0,Graduate,No,4625,2857,111,12,,Urban,Y,Private,Yes
LP002600,Male,Yes,1,Graduate,Yes,2895,0,95,360,1,Semiurban,Y,Private,Yes
LP002602,Male,No,0,Graduate,No,6283,4416,209,360,0,Rural,N,Private,Yes
LP002603,Female,No,0,Graduate,No,645,3683,113,480,1,Rural,Y,Government,No
LP002606,Female,No,0,Graduate,No,3159,0,100,360,1,Semiurban,Y,Private ,Yes
LP002615,Male,Yes,2,Graduate,No,4865,5624,208,360,1,Semiurban,Y,Private ,Yes
LP002618,Male,Yes,1,Not Graduate,No,4050,5302,138,360,,Rural,N,Business,Yes
LP002619,Male,Yes,0,Not Graduate,No,3814,1483,124,300,1,Semiurban,Y,Business,Yes
LP002622,Male,Yes,2,Graduate,No,3510,4416,243,360,1,Rural,Y,Private ,Yes
LP002624,Male,Yes,0,Graduate,No,20833,6667,480,360,,Urban,Y,Private ,Yes
LP002625,,No,0,Graduate,No,3583,0,96,360,1,Urban,N,Private ,Yes
LP002626,Male,Yes,0,Graduate,Yes,2479,3013,188,360,1,Urban,Y,Private ,Yes
LP002634,Female,No,1,Graduate,No,13262,0,40,360,1,Urban,Y,Private ,Yes
LP002637,Male,No,0,Not Graduate,No,3598,1287,100,360,1,Rural,N,Government,No
LP002640,Male,Yes,1,Graduate,No,6065,2004,250,360,1,Semiurban,Y,Private,Yes
LP002643,Male,Yes,2,Graduate,No,3283,2035,148,360,1,Urban,Y,Private,Yes
LP002648,Male,Yes,0,Graduate,No,2130,6666,70,180,1,Semiurban,N,Government,No
LP002652,Male,No,0,Graduate,No,5815,3666,311,360,1,Rural,N,Private,Yes
LP002659,Male,Yes,3+,Graduate,No,3466,3428,150,360,1,Rural,Y,Government,Yes
LP002670,Female,Yes,2,Graduate,No,2031,1632,113,480,1,Semiurban,Y,Government,No
LP002682,Male,Yes,,Not Graduate,No,3074,1800,123,360,0,Semiurban,N,Private,Yes
LP002683,Male,No,0,Graduate,No,4683,1915,185,360,1,Semiurban,N,Private ,Yes
LP002684,Female,No,0,Not Graduate,No,3400,0,95,360,1,Rural,N,Business,Yes
LP002689,Male,Yes,2,Not Graduate,No,2192,1742,45,360,1,Semiurban,Y,Business,Yes
LP002690,Male,No,0,Graduate,No,2500,0,55,360,1,Semiurban,Y,Government,Yes
LP002692,Male,Yes,3+,Graduate,Yes,5677,1424,100,360,1,Rural,Y,Private,Yes
LP002693,Male,Yes,2,Graduate,Yes,7948,7166,480,360,1,Rural,Y,Business,Yes
LP002697,Male,No,0,Graduate,No,4680,2087,,360,1,Semiurban,N,Government,No
LP002699,Male,Yes,2,Graduate,Yes,17500,0,400,360,1,Rural,Y,Private,Yes
LP002705,Male,Yes,0,Graduate,No,3775,0,110,360,1,Semiurban,Y,Government,No
LP002706,Male,Yes,1,Not Graduate,No,5285,1430,161,360,0,Semiurban,Y,Business,Yes
LP002714,Male,No,1,Not Graduate,No,2679,1302,94,360,1,Semiurban,Y,Business,Yes
LP002716,Male,No,0,Not Graduate,No,6783,0,130,360,1,Semiurban,Y,Private,Yes
LP002717,Male,Yes,0,Graduate,No,1025,5500,216,360,,Rural,Y,Government,No
LP002720,Male,Yes,3+,Graduate,No,4281,0,100,360,1,Urban,Y,Government,Yes
LP002723,Male,No,2,Graduate,No,3588,0,110,360,0,Rural,N,Government,Yes
LP002729,Male,No,1,Graduate,No,11250,0,196,360,,Semiurban,N,Private,Yes
LP002731,Female,No,0,Not Graduate,Yes,18165,0,125,360,1,Urban,Y,Business,Yes
LP002732,Male,No,0,Not Graduate,,2550,2042,126,360,1,Rural,Y,Business,Yes
LP002734,Male,Yes,0,Graduate,No,6133,3906,324,360,1,Urban,Y,Private,Yes
LP002738,Male,No,2,Graduate,No,3617,0,107,360,1,Semiurban,Y,Government,No
LP002739,Male,Yes,0,Not Graduate,No,2917,536,66,360,1,Rural,N,Government,No
LP002740,Male,Yes,3+,Graduate,No,6417,0,157,180,1,Rural,Y,Private,Yes
LP002741,Female,Yes,1,Graduate,No,4608,2845,140,180,1,Semiurban,Y,Private,No
LP002743,Female,No,0,Graduate,No,2138,0,99,360,0,Semiurban,N,Private,Yes
LP002753,Female,No,1,Graduate,,3652,0,95,360,1,Semiurban,Y,Private,Yes
LP002755,Male,Yes,1,Not Graduate,No,2239,2524,128,360,1,Urban,Y,Private,Yes
LP002757,Female,Yes,0,Not Graduate,No,3017,663,102,360,,Semiurban,Y,Business,Yes
LP002767,Male,Yes,0,Graduate,No,2768,1950,155,360,1,Rural,Y,Business,Yes
LP002768,Male,No,0,Not Graduate,No,3358,0,80,36,1,Semiurban,N,Private,No
LP002772,Male,No,0,Graduate,No,2526,1783,145,360,1,Rural,Y,Government,No
LP002776,Female,No,0,Graduate,No,5000,0,103,360,0,Semiurban,N,Government,No
LP002777,Male,Yes,0,Graduate,No,2785,2016,110,360,1,Rural,Y,Private,Yes
LP002778,Male,Yes,2,Graduate,Yes,6633,0,,360,0,Rural,N,Private ,Yes
LP002784,Male,Yes,1,Not Graduate,No,2492,2375,,360,1,Rural,Y,Business,No
LP002785,Male,Yes,1,Graduate,No,3333,3250,158,360,1,Urban,Y,Government,No
LP002788,Male,Yes,0,Not Graduate,No,2454,2333,181,360,0,Urban,N,Government,No
LP002789,Male,Yes,0,Graduate,No,3593,4266,132,180,0,Rural,N,Government,No
LP002792,Male,Yes,1,Graduate,No,5468,1032,26,360,1,Semiurban,Y,Government,No
LP002794,Female,No,0,Graduate,No,2667,1625,84,360,,Urban,Y,Government,No
LP002795,Male,Yes,3+,Graduate,Yes,10139,0,260,360,1,Semiurban,Y,Government,No
LP002798,Male,Yes,0,Graduate,No,3887,2669,162,360,1,Semiurban,Y,Private,Yes
LP002804,Female,Yes,0,Graduate,No,4180,2306,182,360,1,Semiurban,Y,Business,Yes
LP002807,Male,Yes,2,Not Graduate,No,3675,242,108,360,1,Semiurban,Y,Government,No
LP002813,Female,Yes,1,Graduate,Yes,19484,0,600,360,1,Semiurban,Y,Private,Yes
LP002820,Male,Yes,0,Graduate,No,5923,2054,211,360,1,Rural,Y,Private,Yes
LP002821,Male,No,0,Not Graduate,Yes,5800,0,132,360,1,Semiurban,Y,Business,Yes
LP002832,Male,Yes,2,Graduate,No,8799,0,258,360,0,Urban,N,Private,Yes
LP002833,Male,Yes,0,Not Graduate,No,4467,0,120,360,,Rural,Y,Business,Yes
LP002836,Male,No,0,Graduate,No,3333,0,70,360,1,Urban,Y,Private,Yes
LP002837,Male,Yes,3+,Graduate,No,3400,2500,123,360,0,Rural,N,Government,No
LP002840,Female,No,0,Graduate,No,2378,0,9,360,1,Urban,N,Government,Yes
LP002841,Male,Yes,0,Graduate,No,3166,2064,104,360,0,Urban,N,Private,Yes
LP002842,Male,Yes,1,Graduate,No,3417,1750,186,360,1,Urban,Y,Private,Yes
LP002847,Male,Yes,,Graduate,No,5116,1451,165,360,0,Urban,N,Private,Yes
LP002855,Male,Yes,2,Graduate,No,16666,0,275,360,1,Urban,Y,Private,Yes
LP002862,Male,Yes,2,Not Graduate,No,6125,1625,187,480,1,Semiurban,N,Private,Yes
LP002863,Male,Yes,3+,Graduate,No,6406,0,150,360,1,Semiurban,N,Business,Yes
LP002868,Male,Yes,2,Graduate,No,3159,461,108,84,1,Urban,Y,Government,No
LP002872,,Yes,0,Graduate,No,3087,2210,136,360,0,Semiurban,N,Government,No
LP002874,Male,No,0,Graduate,No,3229,2739,110,360,1,Urban,Y,Private,Yes
LP002877,Male,Yes,1,Graduate,No,1782,2232,107,360,1,Rural,Y,Government,No
LP002888,Male,No,0,Graduate,,3182,2917,161,360,1,Urban,Y,Private,Yes
LP002892,Male,Yes,2,Graduate,No,6540,0,205,360,1,Semiurban,Y,Business,Yes
LP002893,Male,No,0,Graduate,No,1836,33837,90,360,1,Urban,N,Government,No
LP002894,Female,Yes,0,Graduate,No,3166,0,36,360,1,Semiurban,Y,Private,Yes
LP002898,Male,Yes,1,Graduate,No,1880,0,61,360,,Rural,N,Government,No
LP002911,Male,Yes,1,Graduate,No,2787,1917,146,360,0,Rural,N,Government,No
LP002912,Male,Yes,1,Graduate,No,4283,3000,172,84,1,Rural,N,Private,Yes
LP002916,Male,Yes,0,Graduate,No,2297,1522,104,360,1,Urban,Y,Government,No
LP002917,Female,No,0,Not Graduate,No,2165,0,70,360,1,Semiurban,Y,Business,Yes
LP002925,,No,0,Graduate,No,4750,0,94,360,1,Semiurban,Y,Private ,Yes
LP002926,Male,Yes,2,Graduate,Yes,2726,0,106,360,0,Semiurban,N,Private,No
LP002928,Male,Yes,0,Graduate,No,3000,3416,56,180,1,Semiurban,Y,Business,Yes
LP002931,Male,Yes,2,Graduate,Yes,6000,0,205,240,1,Semiurban,N,Private,Yes
LP002933,,No,3+,Graduate,Yes,9357,0,292,360,1,Semiurban,Y,Private,Yes
LP002936,Male,Yes,0,Graduate,No,3859,3300,142,180,1,Rural,Y,Private,No
LP002938,Male,Yes,0,Graduate,Yes,16120,0,260,360,1,Urban,Y,Private,Yes
LP002940,Male,No,0,Not Graduate,No,3833,0,110,360,1,Rural,Y,Government,No
LP002941,Male,Yes,2,Not Graduate,Yes,6383,1000,187,360,1,Rural,N,Business,Yes
LP002943,Male,No,,Graduate,No,2987,0,88,360,0,Semiurban,N,Government,No
LP002945,Male,Yes,0,Graduate,Yes,9963,0,180,360,1,Rural,Y,Private,Yes
LP002948,Male,Yes,2,Graduate,No,5780,0,192,360,1,Urban,Y,Private,No
LP002949,Female,No,3+,Graduate,,416,41667,350,180,,Urban,N,Government,No
LP002950,Male,Yes,0,Not Graduate,,2894,2792,155,360,1,Rural,Y,Business,Yes
LP002953,Male,Yes,3+,Graduate,No,5703,0,128,360,1,Urban,Y,Private,Yes
LP002958,Male,No,0,Graduate,No,3676,4301,172,360,1,Rural,Y,Government,No
LP002959,Female,Yes,1,Graduate,No,12000,0,496,360,1,Semiurban,Y,Business,Yes
LP002960,Male,Yes,0,Not Graduate,No,2400,3800,,180,1,Urban,N,Business,Yes
LP002961,Male,Yes,1,Graduate,No,3400,2500,173,360,1,Semiurban,Y,Private,Yes
LP002964,Male,Yes,2,Not Graduate,No,3987,1411,157,360,1,Rural,Y,Business,Yes
LP002974,Male,Yes,0,Graduate,No,3232,1950,108,360,1,Rural,Y,Government,No
LP002978,Female,No,0,Graduate,No,2900,0,71,360,1,Rural,Y,Government,No
LP002979,Male,Yes,3+,Graduate,No,4106,0,40,180,1,Rural,Y,Private,Yes
LP002983,Male,Yes,1,Graduate,No,8072,240,253,360,1,Urban,Y,Private,Yes
LP002984,Male,Yes,2,Graduate,No,7583,0,187,360,1,Urban,Y,Private,Yes
LP002990,Female,No,0,Graduate,Yes,4583,0,133,360,0,Semiurban,N,Government,No
